segment_id,date_local,uptime,pedestrian_lft,pedestrian_rgt,pedestrian_total,bike_lft,bike_rgt,bike_total,car_lft,car_rgt,car_total,heavy_lft,heavy_rgt,heavy_total,v85,car_speed0,car_speed10,car_speed20,car_speed30,car_speed40,car_speed50,car_speed60,car_speed70
9000006244,2023-12-22 15:00,0.035,0,0,0,0,0,0,0,29,29,86,29,114,51.5,0.0,0.0,0.0,0.0,0.0,100.0,0.0,0.0
9000006244,2023-12-23 07:00,0.249722,0,0,0,0,0,0,4,0,4,12,4,16,26.5,0.0,0.0,100.0,0.0,0.0,0.0,0.0,0.0
9000006244,2023-12-23 08:00,0.999167,0,0,0,0,1,1,10,52,62,1,3,4,35.0,0.0,17.74,33.87,43.55,4.84,0.0,0.0,0.0
9000006244,2023-12-23 09:00,0.999722,2,3,5,1,0,1,13,50,63,0,8,8,36.5,4.76,14.29,34.92,33.33,11.11,1.59,0.0,0.0
9000006244,2023-12-23 10:00,0.999167,1,0,1,1,4,5,50,113,163,1,6,7,31.5,2.45,11.04,56.44,25.15,4.91,0.0,0.0,0.0
9000006244,2023-12-23 11:00,0.999722,0,0,0,0,1,1,48,174,222,42,19,61,31.0,2.25,17.12,52.25,25.23,2.25,0.9,0.0,0.0
9000006244,2023-12-23 12:00,0.999167,0,0,0,1,3,4,46,178,224,50,36,86,30.5,2.68,20.54,54.91,18.75,3.12,0.0,0.0,0.0
9000006244,2023-12-23 13:00,0.999444,0,5,5,1,5,6,53,199,252,48,35,83,31.0,0.79,14.29,59.92,23.02,1.98,0.0,0.0,0.0
9000006244,2023-12-23 14:00,0.999722,4,8,12,0,2,2,50,165,215,96,38,134,31.5,0.47,15.35,58.14,20.93,4.19,0.93,0.0,0.0
9000006244,2023-12-23 15:00,0.999722,1,3,4,0,3,3,60,173,233,89,26,115,32.0,0.86,12.45,53.65,29.61,3.0,0.43,0.0,0.0
9000006244,2023-12-24 08:00,0.999444,0,0,0,1,2,3,27,28,55,6,2,8,32.5,5.45,5.45,43.64,40.0,5.45,0.0,0.0,0.0
9000006244,2023-12-24 09:00,0.999444,2,1,3,1,1,2,58,71,129,3,0,3,33.0,0.0,3.1,52.71,37.21,6.2,0.78,0.0,0.0
9000006244,2023-12-24 10:00,0.999722,2,1,3,1,0,1,97,116,213,0,5,5,32.0,0.94,8.45,48.83,38.97,2.82,0.0,0.0,0.0
9000006244,2023-12-24 11:00,0.999722,0,0,0,0,2,2,149,111,260,3,2,5,32.0,0.38,6.92,52.69,35.0,4.62,0.38,0.0,0.0
9000006244,2023-12-24 12:00,0.999722,2,0,2,1,0,1,177,137,314,2,4,6,34.0,0.0,5.1,46.5,42.99,5.41,0.0,0.0,0.0
9000006244,2023-12-24 13:00,0.999167,3,2,5,1,3,4,178,163,341,2,1,3,31.5,0.59,6.16,56.6,33.72,2.93,0.0,0.0,0.0
9000006244,2023-12-24 14:00,0.999167,7,1,8,1,0,1,254,249,503,0,1,1,30.5,0.8,9.94,60.83,27.83,0.4,0.2,0.0,0.0
9000006244,2023-12-24 15:00,0.749722,1,1,3,3,3,5,279,160,439,1,0,1,31.0,3.04,6.99,55.93,32.52,1.52,0.0,0.0,0.0
9000006244,2023-12-25 08:00,0.999444,0,1,1,0,3,3,26,29,55,0,2,2,32.0,0.0,23.64,34.55,38.18,3.64,0.0,0.0,0.0
9000006244,2023-12-25 09:00,1.00028,2,5,7,1,0,1,43,46,89,1,0,1,36.0,1.12,8.99,49.44,28.09,8.99,3.37,0.0,0.0
9000006244,2023-12-25 10:00,0.999444,4,0,4,0,2,2,108,126,234,2,1,3,32.0,0.43,9.4,53.42,31.62,5.13,0.0,0.0,0.0
9000006244,2023-12-25 11:00,0.999722,5,6,11,5,8,13,192,205,397,2,1,3,31.5,1.01,9.32,47.61,39.29,2.77,0.0,0.0,0.0
9000006244,2023-12-25 12:00,0.999444,2,1,3,1,4,5,219,201,420,0,6,6,31.0,0.95,8.1,57.86,31.43,1.67,0.0,0.0,0.0
9000006244,2023-12-25 13:00,0.999444,10,5,15,2,7,9,177,155,332,5,2,7,32.5,0.3,3.92,55.72,35.84,4.22,0.0,0.0,0.0
9000006244,2023-12-25 14:00,0.999444,10,9,19,12,5,17,157,178,335,1,3,4,31.0,0.6,8.96,60.0,28.96,1.49,0.0,0.0,0.0
9000006244,2023-12-25 15:00,0.999722,5,12,17,1,9,10,169,141,310,3,1,4,30.5,0.32,7.74,62.9,25.81,3.23,0.0,0.0,0.0
9000006244,2023-12-26 08:00,0.999722,4,0,4,0,1,1,33,37,70,1,2,3,34.5,0.0,4.29,54.29,34.29,7.14,0.0,0.0,0.0
9000006244,2023-12-26 09:00,0.999167,2,6,8,1,1,2,57,66,123,0,0,0,35.0,0.0,4.88,43.9,43.9,7.32,0.0,0.0,0.0
9000006244,2023-12-26 10:00,0.999444,2,1,3,4,8,12,122,117,239,0,2,2,36.5,0.0,3.35,30.96,54.39,10.46,0.84,0.0,0.0
9000006244,2023-12-26 11:00,0.999722,4,6,10,0,11,11,194,210,404,1,3,4,36.5,0.25,3.47,33.42,51.49,10.64,0.5,0.25,0.0
9000006244,2023-12-26 12:00,0.999444,9,2,11,3,5,8,237,189,426,3,2,5,36.0,0.47,4.93,27.0,57.98,9.39,0.23,0.0,0.0
9000006244,2023-12-26 13:00,0.999167,9,4,13,1,8,9,207,177,384,0,0,0,35.5,0.52,9.9,27.08,54.69,7.29,0.52,0.0,0.0
9000006244,2023-12-26 14:00,0.999444,9,4,13,1,7,8,214,187,401,0,5,5,36.0,0.5,7.73,28.93,54.36,7.73,0.5,0.0,0.25
9000006244,2023-12-26 15:00,0.999444,7,6,13,0,5,5,185,137,322,1,2,3,35.5,0.0,11.18,31.06,50.31,6.52,0.62,0.31,0.0
9000006244,2023-12-27 07:00,0.25,0,0,0,0,0,0,88,68,156,0,8,8,29.0,23.08,20.51,38.46,15.38,2.56,0.0,0.0,0.0
9000006244,2023-12-27 08:00,0.999167,2,1,3,1,5,6,73,88,161,3,3,6,34.5,0.62,4.35,48.45,40.99,4.35,0.62,0.62,0.0
9000006244,2023-12-27 09:00,0.999167,4,1,5,3,2,5,132,158,290,7,10,17,34.5,1.03,4.83,44.14,43.79,5.17,1.03,0.0,0.0
9000006244,2023-12-27 10:00,0.999444,3,1,4,1,7,8,176,160,336,38,19,57,33.5,0.89,4.76,47.62,42.56,3.27,0.6,0.3,0.0
9000006244,2023-12-27 11:00,0.999444,17,5,22,3,6,9,193,238,431,22,7,29,31.5,1.16,4.64,59.16,32.48,2.55,0.0,0.0,0.0
9000006244,2023-12-27 12:00,0.999167,8,5,13,0,6,6,251,219,470,38,22,60,32.5,1.06,5.53,50.21,39.36,3.83,0.0,0.0,0.0
9000006244,2023-12-27 13:00,0.999722,15,2,17,3,9,12,170,259,429,8,10,18,30.5,0.93,5.36,64.57,26.81,2.33,0.0,0.0,0.0
9000006244,2023-12-27 14:00,0.999722,1,4,5,3,7,10,249,240,489,15,13,28,30.0,0.41,8.59,66.05,23.52,1.23,0.2,0.0,0.0
9000006244,2023-12-27 15:00,0.999722,2,1,3,2,5,7,212,209,421,3,8,11,30.5,0.24,9.26,62.95,25.65,1.9,0.0,0.0,0.0
9000006244,2023-12-28 08:00,1.0,1,0,1,1,3,4,93,117,210,4,3,7,30.5,9.05,16.19,47.14,25.71,1.9,0.0,0.0,0.0
9000006244,2023-12-28 09:00,0.998889,1,1,2,2,4,6,126,167,293,5,11,16,31.0,1.02,9.56,57.68,30.03,1.37,0.34,0.0,0.0
9000006244,2023-12-28 10:00,0.999444,5,0,5,2,4,6,196,188,384,9,9,18,31.0,0.26,7.03,65.1,25.26,2.34,0.0,0.0,0.0
9000006244,2023-12-28 11:00,0.999722,8,2,10,0,5,5,204,208,412,20,17,37,32.0,1.46,8.98,50.73,35.68,2.91,0.24,0.0,0.0
9000006244,2023-12-28 12:00,0.999444,9,3,12,1,10,11,186,232,418,37,24,61,32.0,0.48,5.02,51.67,40.43,2.15,0.24,0.0,0.0
9000006244,2023-12-28 13:00,0.999444,3,5,8,3,25,28,191,262,453,9,11,20,31.5,1.55,5.3,62.03,28.7,1.99,0.44,0.0,0.0
9000006244,2023-12-28 14:00,0.999167,10,7,17,4,13,17,229,245,474,13,20,33,30.5,0.63,13.08,60.55,24.05,1.48,0.21,0.0,0.0
9000006244,2023-12-28 15:00,0.999722,11,7,18,5,10,15,260,208,468,3,8,11,30.0,1.71,10.26,62.18,24.79,0.64,0.21,0.21,0.0
9000006244,2023-12-29 08:00,0.999444,5,0,5,1,2,3,63,109,172,4,8,12,31.0,5.23,12.79,52.33,29.65,0.0,0.0,0.0,0.0
9000006244,2023-12-29 09:00,0.999722,4,0,4,2,3,5,147,133,280,8,12,20,32.5,1.79,8.93,52.86,34.29,2.14,0.0,0.0,0.0
9000006244,2023-12-29 10:00,0.998889,9,6,15,3,10,13,154,189,343,19,9,28,32.0,1.46,10.5,50.15,35.86,1.75,0.29,0.0,0.0
9000006244,2023-12-29 11:00,0.999722,18,4,22,4,7,11,226,196,422,15,11,26,31.5,1.42,7.35,57.11,31.99,2.13,0.0,0.0,0.0
9000006244,2023-12-29 12:00,0.999444,10,3,13,1,10,11,232,214,446,18,11,29,30.5,1.57,8.07,63.0,25.56,1.57,0.22,0.0,0.0
9000006244,2023-12-29 13:00,0.999722,1,2,3,3,11,14,199,206,405,10,10,20,32.0,1.48,7.41,57.53,30.12,3.21,0.25,0.0,0.0
9000006244,2023-12-29 14:00,0.999167,7,2,9,1,5,6,215,239,454,6,8,14,31.0,2.42,11.23,58.59,26.43,1.32,0.0,0.0,0.0
9000006244,2023-12-29 15:00,0.999444,7,1,8,1,4,5,227,222,449,6,1,7,30.5,3.12,6.9,63.47,25.39,1.11,0.0,0.0,0.0
9000006244,2023-12-30 08:00,0.999167,0,1,1,2,1,3,59,74,133,3,1,4,33.0,6.02,12.78,42.11,34.59,3.76,0.75,0.0,0.0
9000006244,2023-12-30 09:00,0.999722,3,1,4,2,4,6,119,102,221,2,1,3,33.0,1.36,6.33,45.25,42.08,4.52,0.45,0.0,0.0
9000006244,2023-12-30 10:00,0.999722,14,8,22,2,3,5,159,172,331,1,1,2,31.5,0.3,6.95,56.19,35.35,1.21,0.0,0.0,0.0
9000006244,2023-12-30 11:00,0.999167,14,4,18,1,6,7,189,213,402,4,7,11,31.0,0.75,7.71,59.45,29.6,2.24,0.0,0.0,0.25
9000006244,2023-12-30 12:00,0.999722,3,5,8,1,5,6,217,203,420,4,2,6,31.5,0.71,6.19,60.24,30.0,2.86,0.0,0.0,0.0
9000006244,2023-12-30 13:00,0.999722,6,6,12,0,9,9,188,194,382,9,7,16,31.0,0.52,7.85,60.21,28.8,2.36,0.26,0.0,0.0
9000006244,2023-12-30 14:00,0.999444,6,2,8,0,15,15,206,223,429,5,5,10,31.0,0.7,8.16,60.61,28.9,1.63,0.0,0.0,0.0
9000006244,2023-12-30 15:00,0.999444,7,10,17,7,10,17,222,210,432,1,3,4,30.0,0.93,7.41,67.36,23.15,1.16,0.0,0.0,0.0
9000006244,2023-12-30 16:00,0.249722,0,0,0,4,0,4,212,188,400,0,0,0,30.5,7.0,15.0,49.0,28.0,1.0,0.0,0.0,0.0
9000006244,2023-12-31 08:00,0.749444,0,0,0,3,4,7,25,41,67,0,0,0,33.0,4.0,10.0,42.0,38.0,4.0,2.0,0.0,0.0
9000006244,2023-12-31 09:00,0.999722,6,2,8,2,3,5,73,62,135,1,1,2,35.5,0.0,5.93,43.7,41.48,5.93,2.96,0.0,0.0
9000006244,2023-12-31 10:00,0.999167,7,3,10,1,7,8,101,97,198,0,2,2,35.5,0.51,3.03,44.44,42.93,8.08,1.01,0.0,0.0
9000006244,2023-12-31 11:00,0.998889,17,10,27,0,3,3,124,125,249,1,1,2,34.5,0.8,5.62,50.2,36.14,6.02,0.8,0.4,0.0
9000006244,2023-12-31 12:00,0.999444,6,8,14,3,9,12,136,129,265,3,4,7,32.0,0.0,7.92,55.09,33.21,3.02,0.38,0.38,0.0
9000006244,2023-12-31 13:00,0.999722,11,11,22,1,7,8,118,143,261,4,3,7,32.0,0.77,7.28,52.11,34.87,4.6,0.38,0.0,0.0
9000006244,2023-12-31 14:00,0.999167,9,1,10,1,2,3,166,134,300,3,6,9,32.0,1.0,6.33,56.33,32.67,3.0,0.33,0.33,0.0
9000006244,2023-12-31 15:00,0.999444,0,1,1,3,3,6,167,113,280,2,1,3,31.5,5.71,5.71,52.14,34.29,2.14,0.0,0.0,0.0
9000006244,2024-01-02 08:00,0.999167,2,3,5,0,3,3,89,142,231,2,4,6,31.0,15.15,10.39,45.45,26.41,2.6,0.0,0.0,0.0
9000006244,2024-01-02 09:00,0.999444,4,2,6,2,3,5,127,130,257,9,2,11,31.5,0.78,3.89,56.81,35.8,1.95,0.39,0.39,0.0
9000006244,2024-01-02 10:00,0.999722,7,0,7,2,2,4,167,142,309,12,6,18,31.0,1.62,9.71,53.72,31.39,3.24,0.32,0.0,0.0
9000006244,2024-01-02 11:00,0.999167,4,3,7,0,5,5,132,158,290,5,12,17,31.5,1.72,5.86,58.97,31.38,2.07,0.0,0.0,0.0
9000006244,2024-01-02 12:00,0.999167,8,1,9,4,1,5,174,147,321,12,13,25,32.0,0.93,5.92,51.4,39.25,2.49,0.0,0.0,0.0
9000006244,2024-01-02 13:00,1.0,3,7,10,0,5,5,154,163,317,6,7,13,32.0,0.63,5.99,53.0,36.59,3.79,0.0,0.0,0.0
9000006244,2024-01-02 14:00,0.999444,7,4,11,3,1,4,183,172,355,6,6,12,31.5,1.69,9.01,51.83,36.62,0.85,0.0,0.0,0.0
9000006244,2024-01-02 15:00,0.749722,3,4,7,5,7,12,227,161,388,1,1,3,31.0,1.03,8.93,52.92,35.4,1.37,0.34,0.0,0.0
9000006244,2024-01-03 08:00,0.999167,1,1,2,1,3,4,120,176,296,5,5,10,30.5,4.05,9.12,58.11,27.36,1.35,0.0,0.0,0.0
9000006244,2024-01-03 09:00,0.999444,3,5,8,1,3,4,150,158,308,16,10,26,30.5,0.65,9.74,61.36,27.27,0.97,0.0,0.0,0.0
9000006244,2024-01-03 10:00,0.999444,2,1,3,2,2,4,152,152,304,15,9,24,31.0,0.33,9.21,58.22,30.59,1.32,0.33,0.0,0.0
9000006244,2024-01-03 11:00,0.999722,8,1,9,2,6,8,162,148,310,13,12,25,31.5,0.65,6.13,57.42,33.55,1.94,0.32,0.0,0.0
9000006244,2024-01-03 12:00,0.999722,1,0,1,4,3,7,171,177,348,11,15,26,30.5,0.86,7.18,64.37,27.01,0.57,0.0,0.0,0.0
9000006244,2024-01-03 13:00,0.999722,2,5,7,3,4,7,173,174,347,15,10,25,31.0,1.15,7.49,57.64,32.28,1.44,0.0,0.0,0.0
9000006244,2024-01-03 14:00,0.999444,3,1,4,2,11,13,205,202,407,6,12,18,31.5,0.25,7.86,57.74,31.2,2.7,0.25,0.0,0.0
9000006244,2024-01-03 15:00,0.999444,3,8,11,1,6,7,244,195,439,2,4,6,31.0,1.59,8.88,53.08,34.4,2.05,0.0,0.0,0.0
9000006244,2024-01-04 08:00,0.999444,1,0,1,0,6,6,88,156,244,4,2,6,32.5,6.56,13.11,43.44,33.61,2.46,0.82,0.0,0.0
9000006244,2024-01-04 09:00,0.999167,7,2,9,3,2,5,151,174,325,8,11,19,31.5,0.62,7.08,59.08,30.15,3.08,0.0,0.0,0.0
9000006244,2024-01-04 10:00,0.999444,2,0,2,0,1,1,170,150,320,5,7,12,30.0,0.94,12.19,62.81,23.44,0.62,0.0,0.0,0.0
9000006244,2024-01-04 11:00,0.999722,1,2,3,1,4,5,190,164,354,12,10,22,30.5,1.41,9.6,64.41,22.6,1.69,0.28,0.0,0.0
9000006244,2024-01-04 12:00,0.999167,0,1,1,3,4,7,186,159,345,6,8,14,30.0,0.58,9.57,64.35,24.35,1.16,0.0,0.0,0.0
9000006244,2024-01-04 13:00,0.999722,6,2,8,3,2,5,213,181,394,12,14,26,30.0,1.02,10.91,64.72,21.57,1.78,0.0,0.0,0.0
9000006244,2024-01-04 14:00,0.999722,3,2,5,1,7,8,195,250,445,6,7,13,30.0,2.7,13.48,57.08,26.29,0.45,0.0,0.0,0.0
9000006244,2024-01-04 15:00,0.999444,0,2,2,3,2,5,262,206,468,3,1,4,30.0,1.71,13.68,58.33,25.64,0.64,0.0,0.0,0.0
9000006244,2024-01-05 08:00,0.999722,0,0,0,1,3,4,35,117,152,1,4,5,29.5,7.89,21.05,48.68,21.05,0.66,0.66,0.0,0.0
9000006244,2024-01-05 09:00,0.999444,0,0,0,1,4,5,39,166,205,6,11,17,32.5,1.95,11.22,51.71,32.2,2.44,0.49,0.0,0.0
9000006244,2024-01-05 10:00,0.749167,0,1,1,0,0,0,56,153,209,5,16,21,31.5,1.27,14.01,54.14,26.75,3.18,0.64,0.0,0.0
9000006244,2024-01-05 11:00,1.00028,0,1,1,1,1,2,79,126,205,16,6,22,32.5,4.88,7.32,52.68,27.8,5.85,1.46,0.0,0.0
9000006244,2024-01-05 12:00,0.881667,0,2,2,0,3,3,143,191,333,67,33,100,32.0,2.04,8.16,57.14,28.23,4.08,0.34,0.0,0.0
9000006244,2024-01-05 13:00,0.998889,6,3,9,0,4,4,119,177,296,141,49,190,32.0,1.01,10.81,55.41,28.04,4.05,0.68,0.0,0.0
9000006244,2024-01-05 14:00,0.999722,1,5,6,2,4,6,154,221,375,200,45,245,34.5,1.6,6.4,47.73,35.73,8.27,0.27,0.0,0.0
9000006244,2024-01-05 15:00,0.861111,7,3,10,1,3,4,220,165,385,123,42,165,32.5,3.01,11.75,53.01,25.3,5.42,0.9,0.6,0.0
9000006244,2024-01-06 07:00,0.25,0,0,0,0,0,0,32,32,64,0,0,0,38.5,31.25,31.25,6.25,12.5,18.75,0.0,0.0,0.0
9000006244,2024-01-06 08:00,0.999722,0,1,1,1,3,4,40,45,85,0,1,1,31.5,2.35,12.94,54.12,27.06,3.53,0.0,0.0,0.0
9000006244,2024-01-06 09:00,0.999167,1,2,3,1,4,5,87,107,194,0,0,0,36.0,0.52,5.15,42.78,44.33,6.7,0.52,0.0,0.0
9000006244,2024-01-06 10:00,0.999722,3,4,7,0,4,4,165,134,299,0,2,2,37.0,0.33,7.02,30.1,50.84,11.71,0.0,0.0,0.0
9000006244,2024-01-06 11:00,0.998889,0,1,1,0,5,5,172,178,350,0,1,1,36.5,0.57,5.43,30.29,53.43,8.86,0.86,0.57,0.0
9000006244,2024-01-06 12:00,0.925833,0,1,1,2,7,9,192,196,387,0,3,3,36.0,0.28,4.75,33.52,52.23,9.22,0.28,0.0,0.0
9000006244,2024-01-06 13:00,0.999722,2,8,10,1,1,2,193,236,429,0,1,1,36.0,0.7,8.39,32.63,49.42,8.16,0.7,0.0,0.0
9000006244,2024-01-06 14:00,0.999167,10,4,14,0,6,6,202,242,444,0,3,3,35.5,0.68,6.31,34.46,50.23,7.21,0.9,0.23,0.0
9000006244,2024-01-06 15:00,0.75,4,8,12,1,4,5,160,217,377,0,3,3,35.0,0.35,8.83,44.88,37.46,7.07,1.41,0.0,0.0
9000006244,2024-01-07 07:00,0.249722,0,0,0,0,0,0,12,12,24,0,0,0,38.0,0.0,33.33,16.67,33.33,16.67,0.0,0.0,0.0
9000006244,2024-01-07 08:00,0.999444,0,2,2,0,1,1,30,48,78,2,0,2,37.5,0.0,7.69,26.92,51.28,10.26,3.85,0.0,0.0
9000006244,2024-01-07 09:00,0.999444,2,1,3,1,1,2,58,81,139,0,1,1,36.5,0.0,3.6,28.78,58.27,8.63,0.72,0.0,0.0
9000006244,2024-01-07 10:00,0.999444,1,1,2,0,1,1,89,118,207,0,3,3,36.5,0.0,6.28,35.27,46.38,11.11,0.97,0.0,0.0
9000006244,2024-01-07 11:00,0.999722,0,3,3,2,3,5,138,116,254,2,1,3,36.5,0.0,5.12,38.58,45.28,9.06,1.57,0.39,0.0
9000006244,2024-01-07 12:00,0.999444,13,5,18,3,4,7,140,138,278,0,3,3,36.0,1.08,6.47,37.41,44.24,10.79,0.0,0.0,0.0
9000006244,2024-01-07 13:00,0.999444,3,4,7,1,3,4,148,139,287,1,2,3,36.0,0.7,9.76,32.4,47.74,8.71,0.7,0.0,0.0
9000006244,2024-01-07 14:00,0.999722,5,0,5,2,2,4,154,177,331,0,2,2,35.0,0.6,8.76,42.3,41.69,6.34,0.3,0.0,0.0
9000006244,2024-01-07 15:00,0.999722,6,3,9,0,4,4,126,157,283,0,6,6,35.5,2.12,12.72,37.46,37.46,9.19,1.06,0.0,0.0
9000006244,2024-01-07 16:00,0.25,4,8,12,4,4,8,48,112,160,0,0,0,32.5,5.0,10.0,52.5,25.0,7.5,0.0,0.0,0.0
9000006244,2024-01-08 07:00,0.25,0,4,4,0,0,0,156,236,392,0,0,0,29.5,0.0,20.41,59.18,17.35,3.06,0.0,0.0,0.0
9000006244,2024-01-08 08:00,0.7775,0,0,0,2,4,6,159,221,380,2,8,11,35.0,1.69,9.15,49.15,31.53,7.12,1.02,0.0,0.0
9000006244,2024-01-08 09:00,0.675556,0,0,0,0,0,0,178,168,346,1,12,13,35.0,4.7,4.7,45.73,34.62,9.83,0.43,0.0,0.0
9000006244,2024-01-08 10:00,1.0,0,4,4,0,2,2,123,144,267,0,8,8,36.0,0.75,4.12,32.96,52.43,8.99,0.37,0.37,0.0
9000006244,2024-01-08 11:00,0.999444,0,0,0,1,5,6,109,161,270,0,6,6,38.5,0.0,5.19,28.89,49.26,14.44,2.22,0.0,0.0
9000006244,2024-01-08 12:00,0.843611,4,2,6,0,0,0,136,165,301,3,13,16,39.0,2.36,3.15,26.38,49.61,17.32,1.18,0.0,0.0
9000006244,2024-01-08 13:00,0.999444,0,3,3,0,3,3,86,171,257,3,6,9,37.5,1.56,4.67,33.46,46.3,12.45,1.17,0.39,0.0
9000006244,2024-01-08 14:00,0.998889,0,0,0,3,2,5,97,223,320,1,2,3,36.0,2.19,7.5,40.31,39.69,8.75,1.56,0.0,0.0
9000006244,2024-01-08 15:00,0.999722,12,6,18,2,9,11,248,208,456,2,4,6,35.0,1.32,6.8,50.22,33.99,7.24,0.44,0.0,0.0
9000006244,2024-01-08 16:00,0.499444,0,0,0,4,4,8,290,266,556,12,2,14,32.0,2.88,19.42,50.36,24.1,3.24,0.0,0.0,0.0
9000006244,2024-01-09 07:00,0.089722,0,0,0,0,11,11,189,167,357,0,0,0,24.5,40.62,28.12,25.0,6.25,0.0,0.0,0.0,0.0
9000006244,2024-01-09 08:00,0.477778,0,2,2,0,6,6,195,182,377,0,5,5,32.5,0.0,5.56,39.44,48.89,5.56,0.0,0.0,0.0
9000006244,2024-01-09 09:00,0.749444,3,3,5,0,1,1,156,189,346,0,1,1,34.5,0.39,8.49,44.02,41.31,5.41,0.39,0.0,0.0
9000006244,2024-01-09 10:00,0.595833,0,0,0,1,0,1,143,124,267,0,5,5,36.5,5.66,6.29,26.42,49.69,10.69,0.63,0.0,0.0
9000006244,2024-01-09 11:00,0.999444,0,1,1,0,1,1,138,161,299,0,10,10,36.0,0.33,3.01,34.45,52.84,7.69,1.34,0.33,0.0
9000006244,2024-01-09 12:00,0.998889,3,4,7,1,6,7,204,158,362,1,11,12,36.5,1.66,4.97,28.18,53.59,11.6,0.0,0.0,0.0
9000006244,2024-01-09 13:00,0.872222,3,1,4,1,3,4,63,169,232,2,10,12,34.5,2.46,12.32,43.35,34.98,6.9,0.0,0.49,0.0
9000006244,2024-01-09 14:00,0.999167,9,9,18,6,5,11,71,191,262,0,1,1,35.0,4.96,7.63,44.66,33.97,7.63,0.76,0.38,0.0
9000006244,2024-01-09 15:00,0.999444,9,4,13,1,6,7,300,213,513,0,3,3,34.5,0.78,5.07,53.22,34.5,5.46,0.58,0.39,0.0
9000006244,2024-01-09 16:00,0.499722,0,6,6,0,4,4,296,224,520,0,0,0,31.5,1.92,9.23,58.85,25.38,4.62,0.0,0.0,0.0
9000006244,2024-01-10 07:00,0.249722,0,0,0,0,4,4,232,224,456,4,0,4,31.0,16.67,20.18,37.72,21.93,3.51,0.0,0.0,0.0
9000006244,2024-01-10 08:00,0.420278,4,5,9,4,1,5,210,214,424,4,10,14,32.5,3.37,3.93,53.93,33.15,5.62,0.56,0.0,0.0
9000006244,2024-01-10 09:00,0.831667,10,0,10,0,1,1,185,184,368,0,3,3,35.0,0.0,4.9,39.22,50.0,5.23,0.65,0.0,0.0
9000006244,2024-01-10 10:00,0.840833,0,1,1,0,4,4,163,130,293,0,6,6,34.0,1.62,10.12,40.89,41.7,4.86,0.81,0.0,0.0
9000006244,2024-01-10 11:00,0.999722,4,4,8,0,2,2,133,163,296,0,7,7,40.0,0.68,2.7,20.95,54.05,19.26,2.03,0.34,0.0
9000006244,2024-01-10 12:00,0.999167,3,9,12,0,4,4,135,198,333,3,13,16,40.5,0.9,1.8,27.63,46.85,20.72,2.1,0.0,0.0
9000006244,2024-01-10 13:00,0.999722,2,0,2,1,5,6,74,195,269,0,3,3,37.5,1.12,4.09,30.11,49.44,13.01,2.23,0.0,0.0
9000006244,2024-01-10 14:00,0.999167,1,3,4,1,6,7,64,205,269,1,4,5,35.5,3.35,10.04,36.06,40.15,10.04,0.37,0.0,0.0
9000006244,2024-01-10 15:00,0.815,7,0,7,1,15,16,263,238,502,0,2,2,34.5,0.98,7.09,51.59,33.5,6.36,0.73,0.0,0.0
9000006244,2024-01-10 16:00,0.499444,4,4,8,4,12,16,286,272,558,0,0,0,33.0,0.72,5.73,59.14,31.18,2.51,0.36,0.36,0.0
9000006244,2024-01-11 07:00,0.249444,0,0,0,0,12,12,208,257,465,0,0,0,26.5,15.52,16.38,58.62,8.62,0.86,0.0,0.0,0.0
9000006244,2024-01-11 08:00,0.816111,0,2,2,1,1,2,178,208,386,0,4,4,31.5,2.54,4.76,59.05,32.7,0.95,0.0,0.0,0.0
9000006244,2024-01-11 09:00,0.999722,4,1,5,1,1,2,154,171,325,0,1,1,35.5,0.0,1.85,46.15,42.46,8.92,0.62,0.0,0.0
9000006244,2024-01-11 10:00,0.999444,3,4,7,1,3,4,167,147,314,2,7,9,35.0,0.32,3.18,39.81,50.64,5.73,0.32,0.0,0.0
9000006244,2024-01-11 11:00,0.999444,0,2,2,1,1,2,164,156,320,1,10,11,35.5,1.56,3.44,43.12,43.75,7.81,0.31,0.0,0.0
9000006244,2024-01-11 12:00,0.999444,1,1,2,1,1,2,203,163,366,0,4,4,35.5,1.09,4.64,40.98,46.45,6.28,0.55,0.0,0.0
9000006244,2024-01-11 13:00,1.0,5,8,13,1,4,5,190,179,369,2,9,11,34.5,1.08,5.96,45.53,40.11,7.32,0.0,0.0,0.0
9000006244,2024-01-11 14:00,0.767778,5,1,6,3,2,5,241,160,401,3,9,12,32.5,0.32,8.12,57.47,30.19,3.9,0.32,0.0,0.0
9000006244,2024-01-11 15:00,0.999167,1,1,2,4,8,12,272,207,479,6,4,10,33.5,1.04,8.35,52.61,32.78,5.22,0.0,0.0,0.0
9000006244,2024-01-11 16:00,0.5,0,8,8,0,0,0,262,220,482,0,0,0,30.0,1.24,12.03,63.49,21.16,2.07,0.0,0.0,0.0
9000006244,2024-01-12 07:00,0.249722,0,0,0,0,0,0,140,236,376,0,0,0,24.5,12.77,39.36,39.36,5.32,3.19,0.0,0.0,0.0
9000006244,2024-01-12 08:00,0.999444,0,2,2,1,0,1,160,142,302,5,7,12,26.5,1.32,33.44,53.64,10.26,1.32,0.0,0.0,0.0
9000006244,2024-01-12 09:00,0.999444,0,0,0,1,3,4,135,128,263,8,21,29,27.5,2.66,29.28,53.61,12.93,1.14,0.38,0.0,0.0
9000006244,2024-01-12 10:00,0.999167,2,1,3,0,1,1,149,109,258,12,16,28,29.0,2.71,23.64,55.04,16.67,1.94,0.0,0.0,0.0
9000006244,2024-01-12 11:00,1.0,3,0,3,1,4,5,133,141,274,13,13,26,30.5,1.46,15.33,56.2,24.82,1.82,0.36,0.0,0.0
9000006244,2024-01-12 12:00,0.999444,4,1,5,0,2,2,184,182,366,20,14,34,29.0,3.55,25.68,51.37,17.76,1.64,0.0,0.0,0.0
9000006244,2024-01-12 13:00,0.999167,1,6,7,1,1,2,203,161,364,18,17,35,30.5,0.82,17.86,57.14,21.98,2.2,0.0,0.0,0.0
9000006244,2024-01-12 14:00,0.999722,4,1,5,1,3,4,228,196,424,27,21,48,31.0,0.94,17.92,54.72,23.58,2.83,0.0,0.0,0.0
9000006244,2024-01-12 15:00,0.999444,4,7,11,1,1,2,253,210,463,4,19,23,31.0,1.94,21.6,49.03,25.27,2.16,0.0,0.0,0.0
9000006244,2024-01-12 16:00,0.499722,0,0,0,0,2,2,214,178,392,0,6,6,27.0,0.0,31.12,56.63,11.73,0.51,0.0,0.0,0.0
9000006244,2024-01-13 08:00,0.999722,0,0,0,0,1,1,63,68,131,8,5,13,30.0,0.76,22.14,54.2,22.9,0.0,0.0,0.0,0.0
9000006244,2024-01-13 09:00,0.861944,3,2,5,3,4,7,147,118,265,1,8,9,35.5,0.44,6.11,44.54,39.74,9.61,0.0,0.0,0.0
9000006244,2024-01-13 10:00,0.999444,0,0,0,1,2,3,179,146,325,0,3,3,35.0,0.31,8.31,41.23,43.69,6.46,0.0,0.0,0.0
9000006244,2024-01-13 11:00,0.999722,1,5,6,2,0,2,173,178,351,4,1,5,34.0,0.57,5.7,41.88,46.72,5.13,0.0,0.0,0.0
9000006244,2024-01-13 12:00,0.999167,1,1,2,0,2,2,189,195,384,0,3,3,35.5,0.26,7.81,42.71,40.36,7.81,0.78,0.26,0.0
9000006244,2024-01-13 13:00,0.999722,4,3,7,2,2,4,203,225,428,1,4,5,35.5,0.23,5.61,39.72,46.73,7.24,0.47,0.0,0.0
9000006244,2024-01-13 14:00,0.999722,7,11,18,3,3,6,176,230,406,0,7,7,35.0,0.99,10.84,37.68,43.35,4.93,1.72,0.49,0.0
9000006244,2024-01-13 15:00,0.999444,8,5,13,2,3,5,181,199,380,2,0,2,36.0,1.32,8.68,42.11,37.89,9.21,0.79,0.0,0.0
9000006244,2024-01-13 16:00,0.25,0,12,12,0,0,0,148,164,312,0,0,0,32.0,0.0,6.41,53.85,35.9,2.56,1.28,0.0,0.0
9000006244,2024-01-14 07:00,0.25,0,0,0,0,0,0,20,12,32,0,0,0,30.5,0.0,0.0,62.5,37.5,0.0,0.0,0.0,0.0
9000006244,2024-01-14 08:00,0.999444,0,0,0,1,0,1,42,38,80,0,1,1,34.5,1.25,7.5,43.75,38.75,6.25,1.25,1.25,0.0
9000006244,2024-01-14 09:00,0.999444,2,4,6,1,5,6,48,76,124,0,0,0,36.0,0.81,4.03,33.06,52.42,6.45,1.61,0.81,0.81
9000006244,2024-01-14 10:00,0.999444,5,4,9,2,8,10,110,110,220,0,1,1,36.0,0.45,5.45,41.36,44.09,6.82,1.82,0.0,0.0
9000006244,2024-01-14 11:00,0.999444,15,4,19,3,3,6,118,110,228,0,0,0,36.5,0.44,5.26,39.91,42.54,9.65,1.75,0.44,0.0
9000006244,2024-01-14 12:00,0.999444,9,2,11,0,7,7,167,135,302,0,3,3,36.5,0.33,7.95,36.09,44.04,10.26,0.99,0.33,0.0
9000006244,2024-01-14 13:00,0.999444,3,5,8,2,4,6,166,179,345,0,1,1,35.5,0.29,8.41,33.62,50.43,6.96,0.29,0.0,0.0
9000006244,2024-01-14 14:00,0.999444,12,1,13,3,8,11,167,157,324,1,2,3,36.0,0.93,6.48,37.04,45.37,9.57,0.62,0.0,0.0
9000006244,2024-01-14 15:00,0.999444,4,7,11,3,5,8,158,136,294,0,1,1,35.0,0.34,13.61,37.07,42.52,6.46,0.0,0.0,0.0
9000006244,2024-01-15 07:00,0.25,0,4,4,0,0,0,60,152,212,0,0,0,27.0,9.43,24.53,52.83,13.21,0.0,0.0,0.0,0.0
9000006244,2024-01-15 08:00,0.999444,0,2,2,1,6,7,130,160,290,6,13,19,29.5,2.07,28.28,50.69,17.24,1.03,0.34,0.34,0.0
9000006244,2024-01-15 09:00,0.999167,1,4,5,2,7,9,152,160,312,10,14,24,33.5,1.28,11.86,47.76,32.05,6.73,0.32,0.0,0.0
9000006244,2024-01-15 10:00,0.5,4,0,4,2,2,4,158,178,336,4,4,8,34.0,1.79,5.36,44.64,43.45,4.17,0.6,0.0,0.0
9000006244,2024-01-15 12:00,0.994444,3,1,4,1,2,3,154,140,294,0,4,4,35.0,0.68,6.16,43.49,41.44,7.88,0.34,0.0,0.0
9000006244,2024-01-15 13:00,0.999444,6,4,10,0,4,4,174,170,344,1,3,4,35.5,0.58,5.52,36.92,48.84,7.56,0.58,0.0,0.0
9000006244,2024-01-15 14:00,0.999444,4,5,9,2,8,10,200,188,388,0,4,4,34.5,0.26,7.73,45.1,39.95,6.44,0.52,0.0,0.0
9000006244,2024-01-15 15:00,0.999722,1,4,5,2,7,9,265,206,471,0,5,5,32.5,0.42,11.04,57.32,26.75,4.46,0.0,0.0,0.0
9000006244,2024-01-15 16:00,0.25,0,0,0,12,4,16,276,196,472,0,4,4,33.5,4.24,6.78,53.39,31.36,3.39,0.85,0.0,0.0
9000006244,2024-01-16 07:00,0.499722,0,4,4,0,0,0,112,108,220,0,0,0,27.0,8.18,41.82,36.36,11.82,0.91,0.91,0.0,0.0
9000006244,2024-01-16 08:00,1.0,3,0,3,0,1,1,41,117,158,0,2,2,30.5,5.06,21.52,50.0,20.25,3.16,0.0,0.0,0.0
9000006244,2024-01-16 09:00,0.999444,1,1,2,0,0,0,9,74,83,0,0,0,31.5,1.2,24.1,48.19,21.69,2.41,2.41,0.0,0.0
9000006244,2024-01-16 10:00,0.999722,2,0,2,0,1,1,1,31,32,0,3,3,37.5,3.12,12.5,40.62,28.12,15.62,0.0,0.0,0.0
9000006244,2024-01-16 11:00,0.999444,0,0,0,0,1,1,0,2,2,0,1,1,41.0,0.0,0.0,0.0,50.0,50.0,0.0,0.0,0.0
9000006244,2024-01-16 12:00,0.999444,1,0,1,0,2,2,0,3,3,0,0,0,25.5,0.0,33.33,66.67,0.0,0.0,0.0,0.0,0.0
9000006244,2024-01-16 13:00,0.999167,3,2,5,0,2,2,0,10,10,0,0,0,35.0,0.0,10.0,30.0,50.0,10.0,0.0,0.0,0.0
9000006244,2024-01-16 14:00,0.999444,2,4,6,1,3,4,1,29,30,0,0,0,35.5,0.0,10.0,46.67,33.33,10.0,0.0,0.0,0.0
9000006244,2024-01-16 15:00,0.999444,4,8,12,0,6,6,1,37,38,0,0,0,38.0,2.63,18.42,39.47,23.68,15.79,0.0,0.0,0.0
9000006244,2024-01-16 16:00,0.75,9,11,20,1,1,3,0,24,24,0,0,0,32.0,0.0,11.11,50.0,33.33,5.56,0.0,0.0,0.0
9000006244,2024-01-17 07:00,0.5,0,0,0,0,0,0,4,24,28,0,0,0,26.5,0.0,42.86,50.0,0.0,7.14,0.0,0.0,0.0
9000006244,2024-01-17 08:00,0.999444,0,1,1,0,1,1,0,65,65,0,2,2,29.0,1.54,32.31,47.69,13.85,4.62,0.0,0.0,0.0
9000006244,2024-01-17 09:00,0.999167,0,0,0,0,2,2,0,28,28,0,5,5,32.0,3.57,28.57,39.29,21.43,7.14,0.0,0.0,0.0
9000006244,2024-01-17 10:00,0.999722,0,3,3,1,1,2,0,12,12,0,3,3,33.0,0.0,0.0,58.33,41.67,0.0,0.0,0.0,0.0
9000006244,2024-01-17 11:00,0.999167,2,1,3,0,2,2,0,30,30,0,3,3,37.0,0.0,16.67,50.0,20.0,13.33,0.0,0.0,0.0
9000006244,2024-01-17 12:00,0.999722,4,2,6,1,3,4,1,89,90,2,9,11,32.0,1.11,8.89,54.44,32.22,2.22,1.11,0.0,0.0
9000006244,2024-01-17 13:00,0.999722,5,1,6,1,5,6,0,72,72,3,4,7,32.0,0.0,11.11,56.94,23.61,6.94,0.0,0.0,1.39
9000006244,2024-01-17 14:00,0.999167,1,3,4,1,2,3,0,49,49,2,6,8,31.0,4.08,20.41,42.86,30.61,2.04,0.0,0.0,0.0
9000006244,2024-01-17 15:00,0.999722,4,1,5,1,2,3,0,81,81,3,7,10,31.5,1.23,9.88,54.32,30.86,2.47,1.23,0.0,0.0
9000006244,2024-01-17 16:00,0.749722,1,3,4,1,3,4,8,43,51,12,9,21,26.5,13.16,23.68,52.63,7.89,0.0,0.0,0.0,2.63
9000006244,2024-01-18 07:00,0.5,0,0,0,4,2,6,32,86,118,0,0,0,27.5,6.78,32.2,45.76,10.17,3.39,0.0,1.69,0.0
9000006244,2024-01-18 08:00,0.999444,0,3,3,1,2,3,4,23,27,0,1,1,27.5,3.7,22.22,59.26,14.81,0.0,0.0,0.0,0.0
9000006244,2024-01-18 09:00,0.999444,0,3,3,0,5,5,0,17,17,0,0,0,33.0,0.0,29.41,29.41,41.18,0.0,0.0,0.0,0.0
9000006244,2024-01-18 10:00,0.999167,5,0,5,0,2,2,0,6,6,0,0,0,38.0,0.0,33.33,33.33,16.67,16.67,0.0,0.0,0.0
9000006244,2024-01-18 11:00,0.999444,0,0,0,0,1,1,0,2,2,0,0,0,26.0,0.0,0.0,100.0,0.0,0.0,0.0,0.0,0.0
9000006244,2024-01-18 12:00,0.999722,0,2,2,0,1,1,0,0,0,0,0,0,,0.0,0.0,0.0,0.0,0.0,0.0,0.0,0.0
9000006244,2024-01-18 13:00,0.999444,1,3,4,1,3,4,1,11,12,0,0,0,38.5,0.0,0.0,25.0,58.33,16.67,0.0,0.0,0.0
9000006244,2024-01-18 14:00,0.999722,3,2,5,1,3,4,0,38,38,0,0,0,31.5,5.26,23.68,39.47,31.58,0.0,0.0,0.0,0.0
9000006244,2024-01-18 15:00,0.999444,2,2,4,1,1,2,1,72,73,0,1,1,33.5,5.48,12.33,39.73,36.99,5.48,0.0,0.0,0.0
9000006244,2024-01-18 16:00,0.874167,3,3,6,2,1,3,36,48,84,0,0,0,30.0,8.22,24.66,47.95,16.44,5.48,0.0,0.0,0.0
9000006244,2024-01-19 07:00,0.499444,0,0,0,0,0,0,22,32,54,0,0,0,30.5,18.52,18.52,37.04,25.93,0.0,0.0,0.0,0.0
9000006244,2024-01-19 08:00,0.999444,2,0,2,1,1,2,0,7,7,0,0,0,30.0,0.0,42.86,28.57,28.57,0.0,0.0,0.0,0.0
9000006244,2024-01-19 09:00,0.999722,1,0,1,1,1,2,6,53,59,0,1,1,32.0,0.0,40.68,33.9,18.64,6.78,0.0,0.0,0.0
9000006244,2024-01-19 10:00,0.998889,2,2,4,1,1,2,0,38,38,0,0,0,31.5,0.0,36.84,31.58,26.32,5.26,0.0,0.0,0.0
9000006244,2024-01-19 11:00,0.999167,1,2,3,0,2,2,1,58,59,0,0,0,35.5,1.69,3.39,35.59,50.85,8.47,0.0,0.0,0.0
9000006244,2024-01-19 12:00,0.999444,1,4,5,0,5,5,9,119,128,0,3,3,31.5,3.91,14.84,49.22,25.78,6.25,0.0,0.0,0.0
9000006244,2024-01-19 13:00,0.999722,0,3,3,0,2,2,5,76,81,0,3,3,32.0,6.17,27.16,34.57,27.16,4.94,0.0,0.0,0.0
9000006244,2024-01-19 14:00,0.999722,3,2,5,2,4,6,2,67,69,0,3,3,33.5,5.8,17.39,47.83,21.74,7.25,0.0,0.0,0.0
9000006244,2024-01-19 15:00,0.999444,2,9,11,3,7,10,2,70,72,0,1,1,32.0,0.0,20.83,43.06,33.33,2.78,0.0,0.0,0.0
9000006244,2024-01-19 16:00,0.999722,1,11,12,2,5,7,27,37,64,0,1,1,31.5,1.56,20.31,45.31,28.12,4.69,0.0,0.0,0.0
9000006244,2024-01-20 07:00,0.5,0,0,0,0,0,0,0,4,4,0,0,0,21.0,50.0,0.0,50.0,0.0,0.0,0.0,0.0,0.0
9000006244,2024-01-20 08:00,0.999167,2,3,5,0,0,0,0,9,9,0,0,0,31.5,0.0,33.33,33.33,33.33,0.0,0.0,0.0,0.0
9000006244,2024-01-20 09:00,0.999167,0,3,3,0,0,0,1,12,13,0,0,0,35.0,0.0,15.38,30.77,46.15,7.69,0.0,0.0,0.0
9000006244,2024-01-20 10:00,0.999444,2,2,4,0,8,8,1,10,11,0,0,0,28.5,0.0,27.27,54.55,18.18,0.0,0.0,0.0,0.0
9000006244,2024-01-20 11:00,0.999444,1,4,5,1,4,5,13,52,65,0,1,1,34.0,1.54,6.15,44.62,40.0,7.69,0.0,0.0,0.0
9000006244,2024-01-20 12:00,0.999444,1,2,3,0,2,2,5,68,73,0,0,0,35.5,1.37,8.22,46.58,34.25,9.59,0.0,0.0,0.0
9000006244,2024-01-20 13:00,0.999722,1,3,4,2,1,3,0,49,49,0,0,0,37.0,4.08,12.24,36.73,32.65,12.24,2.04,0.0,0.0
9000006244,2024-01-20 14:00,0.999444,2,2,4,1,0,1,5,66,71,0,0,0,35.5,4.23,12.68,32.39,39.44,9.86,1.41,0.0,0.0
9000006244,2024-01-20 15:00,0.998889,0,0,0,0,0,0,1,26,27,0,0,0,32.5,3.7,22.22,44.44,18.52,11.11,0.0,0.0,0.0
9000006244,2024-01-20 16:00,0.999444,0,0,0,0,1,1,4,10,14,0,0,0,37.0,0.0,14.29,64.29,7.14,14.29,0.0,0.0,0.0
9000006244,2024-01-21 07:00,0.499722,0,0,0,0,0,0,0,4,4,0,0,0,31.0,50.0,0.0,0.0,50.0,0.0,0.0,0.0,0.0
9000006244,2024-01-21 08:00,0.999444,0,0,0,0,0,0,0,0,0,0,0,0,,0.0,0.0,0.0,0.0,0.0,0.0,0.0,0.0
9000006244,2024-01-21 09:00,0.999444,0,0,0,1,0,1,1,4,5,0,0,0,30.5,20.0,20.0,20.0,40.0,0.0,0.0,0.0,0.0
9000006244,2024-01-21 10:00,0.999722,0,0,0,0,0,0,0,4,4,0,0,0,39.5,0.0,0.0,50.0,25.0,25.0,0.0,0.0,0.0
9000006244,2024-01-21 11:00,0.999444,0,0,0,1,0,1,0,0,0,0,0,0,,0.0,0.0,0.0,0.0,0.0,0.0,0.0,0.0
9000006244,2024-01-21 12:00,0.856389,0,0,0,0,0,0,2,7,9,0,0,0,26.5,37.5,37.5,25.0,12.5,0.0,0.0,0.0,0.0
9000006244,2024-01-21 13:00,0.999444,0,0,0,1,0,1,0,7,7,0,0,0,31.0,14.29,0.0,28.57,57.14,0.0,0.0,0.0,0.0
9000006244,2024-01-21 14:00,0.999444,0,0,0,0,1,1,0,5,5,0,0,0,31.0,20.0,20.0,0.0,60.0,0.0,0.0,0.0,0.0
9000006244,2024-01-21 15:00,0.999167,1,0,1,1,3,4,4,13,17,0,1,1,35.0,17.65,11.76,35.29,23.53,0.0,11.76,0.0,0.0
9000006244,2024-01-21 16:00,0.999722,0,1,1,1,1,2,4,13,17,0,0,0,31.5,11.76,17.65,41.18,17.65,5.88,5.88,0.0,0.0
9000006244,2024-01-22 07:00,0.5,0,0,0,0,0,0,4,20,24,0,0,0,33.5,25.0,8.33,50.0,8.33,8.33,0.0,0.0,0.0
9000006244,2024-01-22 08:00,0.999722,0,0,0,1,0,1,19,53,72,1,3,4,29.0,4.17,16.67,61.11,15.28,2.78,0.0,0.0,0.0
9000006244,2024-01-22 09:00,0.999444,0,1,1,0,0,0,70,117,187,10,25,35,30.5,0.0,9.09,63.64,25.67,1.6,0.0,0.0,0.0
9000006244,2024-01-22 10:00,0.999444,1,0,1,1,2,3,19,122,141,24,43,67,35.0,1.42,9.22,42.55,39.72,4.96,2.13,0.0,0.0
9000006244,2024-01-22 11:00,0.999444,0,2,2,0,1,1,57,123,180,8,37,45,36.0,1.11,3.33,40.56,45.56,9.44,0.0,0.0,0.0
9000006244,2024-01-22 12:00,0.999444,2,2,4,1,1,2,173,174,347,11,24,35,35.5,3.46,2.59,40.35,45.24,7.49,0.86,0.0,0.0
9000006244,2024-01-22 13:00,0.999167,5,3,8,0,4,4,186,154,340,14,18,32,35.5,1.18,2.65,41.18,45.0,8.82,1.18,0.0,0.0
9000006244,2024-01-22 14:00,0.999444,3,1,4,2,10,12,213,203,416,10,12,22,35.0,0.48,4.09,46.15,42.07,6.97,0.24,0.0,0.0
9000006244,2024-01-22 15:00,0.999444,4,1,5,3,2,5,277,198,475,16,10,26,33.0,1.47,8.21,42.74,42.53,5.05,0.0,0.0,0.0
9000006244,2024-01-22 16:00,0.5,0,4,4,4,8,12,292,224,516,0,4,4,28.0,0.39,10.47,73.26,14.73,1.16,0.0,0.0,0.0
9000006244,2024-01-23 07:00,0.249722,0,0,0,0,8,8,112,208,320,0,8,8,27.5,2.5,20.0,62.5,13.75,1.25,0.0,0.0,0.0
9000006244,2024-01-23 08:00,0.999722,3,2,5,1,4,5,176,208,384,3,14,17,31.5,4.17,14.06,54.69,22.66,3.65,0.26,0.26,0.26
9000006244,2024-01-23 09:00,0.999444,5,0,5,2,3,5,168,170,338,8,14,22,35.0,0.89,6.21,44.08,41.72,6.51,0.3,0.3,0.0
9000006244,2024-01-23 10:00,0.999722,5,7,12,4,24,28,173,156,329,7,16,23,35.0,0.61,4.56,44.68,42.55,6.69,0.91,0.0,0.0
9000006244,2024-01-23 11:00,1.0,5,1,6,2,4,6,182,184,366,4,7,11,35.0,0.82,5.46,40.98,46.45,5.46,0.82,0.0,0.0
9000006244,2024-01-23 12:00,0.999167,4,2,6,0,5,5,150,163,313,3,6,9,35.0,2.24,5.75,42.81,43.13,4.79,1.28,0.0,0.0
9000006244,2024-01-23 13:00,0.999722,3,3,6,3,4,7,194,168,362,18,10,28,35.5,0.83,3.31,38.4,49.17,7.46,0.55,0.28,0.0
9000006244,2024-01-23 14:00,0.999167,10,4,14,1,4,5,230,176,406,3,10,13,36.5,2.22,4.43,33.0,49.26,10.84,0.0,0.25,0.0
9000006244,2024-01-23 15:00,0.999444,10,1,11,1,8,9,265,202,467,2,3,5,35.0,1.07,5.57,40.04,48.39,4.28,0.64,0.0,0.0
9000006244,2024-01-23 16:00,0.749444,1,3,4,0,8,8,307,240,547,1,5,7,32.5,0.73,13.41,50.0,30.98,4.39,0.49,0.0,0.0
9000006244,2024-01-24 07:00,0.249722,0,0,0,0,0,0,132,216,348,0,0,0,31.0,0.0,13.79,55.17,28.74,2.3,0.0,0.0,0.0
9000006244,2024-01-24 08:00,0.999444,2,3,5,3,1,4,180,218,398,1,9,10,31.5,3.02,14.07,52.01,28.64,2.26,0.0,0.0,0.0
9000006244,2024-01-24 09:00,0.999444,1,1,2,2,5,7,165,152,317,0,4,4,33.5,0.32,3.47,49.84,41.32,4.73,0.32,0.0,0.0
9000006244,2024-01-24 10:00,0.999444,5,2,7,0,1,1,128,111,239,13,3,16,37.5,2.51,7.53,33.89,41.42,11.72,2.51,0.42,0.0
9000006244,2024-01-24 11:00,0.998889,4,3,7,0,4,4,143,150,293,16,24,40,38.5,0.34,5.12,29.35,47.44,16.04,1.71,0.0,0.0
9000006244,2024-01-24 12:00,0.999722,9,7,16,2,4,6,174,140,314,6,5,11,36.5,1.27,7.32,30.89,50.0,9.55,0.64,0.32,0.0
9000006244,2024-01-24 13:00,0.999444,4,1,5,3,4,7,172,168,340,5,8,13,37.0,0.59,3.24,33.53,50.88,10.0,1.18,0.59,0.0
9000006244,2024-01-24 14:00,0.999444,8,6,14,3,8,11,234,186,420,5,8,13,35.0,1.67,6.19,30.48,56.43,5.0,0.24,0.0,0.0
9000006244,2024-01-24 15:00,0.999722,8,1,9,4,6,10,273,191,464,10,7,17,36.0,0.65,7.54,31.25,52.37,7.76,0.43,0.0,0.0
9000006244,2024-01-24 16:00,0.499444,4,4,8,2,8,10,258,260,519,2,8,10,35.5,1.54,10.42,35.14,45.95,5.79,0.77,0.39,0.0
9000006244,2024-01-25 07:00,0.25,0,4,4,4,0,4,176,252,428,0,0,0,32.0,0.93,2.8,58.88,36.45,0.93,0.0,0.0,0.0
9000006244,2024-01-25 08:00,1.0,1,2,3,0,2,2,160,207,367,0,9,9,34.0,0.54,10.9,48.77,33.51,5.45,0.54,0.27,0.0
9000006244,2024-01-25 09:00,0.999444,3,2,5,0,8,8,167,191,358,0,6,6,35.5,0.56,5.87,36.31,48.88,7.82,0.56,0.0,0.0
9000006244,2024-01-25 10:00,0.999444,7,3,10,2,8,10,160,161,321,1,5,6,36.5,0.62,6.23,29.28,52.96,9.97,0.93,0.0,0.0
9000006244,2024-01-25 11:00,0.999722,1,4,5,1,8,9,212,175,387,1,8,9,36.0,0.52,7.24,33.07,50.13,7.75,1.29,0.0,0.0
9000006244,2024-01-25 12:00,0.999444,3,2,5,2,3,5,216,169,385,0,6,6,36.0,1.04,2.86,31.43,56.36,8.05,0.26,0.0,0.0
9000006244,2024-01-25 13:00,0.999722,9,5,14,1,15,16,176,186,362,1,11,12,36.0,0.55,4.97,34.53,51.38,8.29,0.0,0.28,0.0
9000006244,2024-01-25 14:00,0.999722,5,3,8,4,4,8,265,198,463,1,11,12,36.5,0.43,4.97,33.69,49.89,9.5,1.3,0.22,0.0
9000006244,2024-01-25 15:00,0.999167,7,8,15,3,6,9,273,219,492,4,6,10,36.0,0.81,6.5,35.37,49.59,7.32,0.41,0.0,0.0
9000006244,2024-01-25 16:00,0.749722,1,0,1,5,12,17,269,241,511,1,1,3,35.0,2.61,9.92,42.56,37.86,5.48,1.31,0.26,0.0
9000006244,2024-01-26 07:00,0.499722,2,0,2,0,4,4,190,202,392,0,4,4,30.0,6.12,16.84,54.59,20.41,2.04,0.0,0.0,0.0
9000006244,2024-01-26 08:00,0.999444,4,1,5,3,8,11,185,196,381,2,6,8,34.5,0.52,9.71,44.62,36.75,7.87,0.52,0.0,0.0
9000006244,2024-01-26 09:00,0.999444,2,0,2,2,3,5,201,195,396,0,13,13,35.0,0.76,6.57,43.69,41.16,7.83,0.0,0.0,0.0
9000006244,2024-01-26 10:00,0.999444,5,4,9,2,2,4,194,168,362,2,16,18,37.0,0.55,3.04,32.6,50.83,11.6,1.1,0.28,0.0
9000006244,2024-01-26 11:00,1.0,6,1,7,3,2,5,188,168,356,0,7,7,36.0,1.69,3.65,29.49,58.43,6.46,0.28,0.0,0.0
9000006244,2024-01-26 12:00,0.999722,1,1,2,1,6,7,201,211,412,3,13,16,35.5,0.97,7.52,35.68,48.79,6.31,0.73,0.0,0.0
9000006244,2024-01-26 13:00,0.999722,2,3,5,2,5,7,244,209,453,4,9,13,35.5,0.88,6.62,40.4,43.49,8.17,0.44,0.0,0.0
9000006244,2024-01-26 14:00,0.998889,6,6,12,4,6,10,279,221,500,1,4,5,35.0,0.8,6.6,41.0,43.4,7.6,0.6,0.0,0.0
9000006244,2024-01-26 15:00,0.999444,6,2,8,1,3,4,271,234,505,1,4,5,35.5,0.4,6.14,43.76,40.2,8.71,0.79,0.0,0.0
9000006244,2024-01-26 16:00,0.749444,3,0,3,3,1,4,225,236,461,0,0,0,34.5,1.45,11.85,49.13,31.21,5.78,0.29,0.29,0.0
9000006244,2024-01-27 07:00,0.249722,0,0,0,0,4,4,60,48,108,0,0,0,35.0,0.0,7.41,59.26,25.93,3.7,3.7,0.0,0.0
9000006244,2024-01-27 08:00,0.999722,1,3,4,1,5,6,74,82,156,1,2,3,37.5,0.0,5.77,37.82,41.67,14.1,0.64,0.0,0.0
9000006244,2024-01-27 09:00,0.999444,2,3,5,1,2,3,126,123,249,0,2,2,37.0,0.8,4.82,29.72,51.81,11.24,1.2,0.4,0.0
9000006244,2024-01-27 10:00,0.999444,0,7,7,3,8,11,196,164,360,3,3,6,36.0,0.56,7.5,31.94,50.83,8.61,0.56,0.0,0.0
9000006244,2024-01-27 11:00,0.999722,2,4,6,3,7,10,204,190,394,3,4,7,36.0,0.51,5.84,32.49,52.28,8.63,0.0,0.25,0.0
9000006244,2024-01-27 12:00,0.999722,7,2,9,7,3,10,193,242,435,0,5,5,37.0,0.69,6.21,31.03,50.11,10.57,1.15,0.23,0.0
9000006244,2024-01-27 13:00,0.999722,1,6,7,2,14,16,176,204,380,1,7,8,37.0,0.26,5.79,28.42,52.89,12.11,0.53,0.0,0.0
9000006244,2024-01-27 14:00,0.999722,13,0,13,4,3,7,204,262,466,2,4,6,35.5,0.43,3.65,35.62,52.79,6.65,0.64,0.21,0.0
9000006244,2024-01-27 15:00,0.999722,4,5,9,2,8,10,216,214,430,2,5,7,35.0,0.93,6.05,40.93,45.81,5.58,0.7,0.0,0.0
9000006244,2024-01-27 16:00,0.749722,9,15,24,1,7,8,193,176,369,0,1,1,34.5,0.36,12.27,45.85,35.38,5.42,0.72,0.0,0.0
9000006244,2024-01-28 07:00,0.499722,0,4,4,0,0,0,32,30,62,2,0,2,34.5,9.68,6.45,45.16,35.48,3.23,0.0,0.0,0.0
9000006244,2024-01-28 08:00,0.999722,3,1,4,2,0,2,41,51,92,0,1,1,39.5,0.0,2.17,25.0,51.09,19.57,1.09,1.09,0.0
9000006244,2024-01-28 09:00,0.998889,2,0,2,1,4,5,66,67,133,0,0,0,36.0,0.75,6.02,39.85,43.61,7.52,2.26,0.0,0.0
9000006244,2024-01-28 10:00,0.999444,1,2,3,1,3,4,99,135,234,0,4,4,37.5,0.85,2.99,37.18,44.44,13.25,1.28,0.0,0.0
9000006244,2024-01-28 11:00,0.999722,2,2,4,1,5,6,112,202,314,4,3,7,37.5,0.64,4.14,28.98,51.91,13.38,0.96,0.0,0.0
9000006244,2024-01-28 12:00,0.999444,3,4,7,3,14,17,137,216,353,0,5,5,38.0,3.4,3.97,23.51,52.97,14.16,1.7,0.28,0.0
9000006244,2024-01-28 13:00,0.999167,2,7,9,2,11,13,65,203,268,0,1,1,39.0,0.37,5.22,29.85,46.64,14.93,2.24,0.37,0.37
9000006244,2024-01-28 14:00,0.999444,7,7,14,4,13,17,108,199,307,1,2,3,37.0,4.56,9.77,35.5,36.16,12.05,1.3,0.65,0.0
9000006244,2024-01-28 15:00,0.999722,2,11,13,7,16,23,213,183,396,1,2,3,35.0,0.0,5.05,39.9,48.23,6.31,0.51,0.0,0.0
9000006244,2024-01-28 16:00,0.999722,6,1,7,5,7,12,196,153,349,0,3,3,34.5,0.29,7.74,53.3,30.95,6.59,0.86,0.29,0.0
9000006244,2024-01-29 07:00,0.499722,0,6,6,0,2,2,188,244,432,6,0,6,31.5,3.7,12.96,50.93,28.7,3.24,0.46,0.0,0.0
9000006244,2024-01-29 08:00,0.999444,4,3,7,3,7,10,191,183,374,1,10,11,35.0,1.07,6.15,36.63,48.4,7.22,0.53,0.0,0.0
9000006244,2024-01-29 09:00,1.0,3,2,5,3,5,8,158,151,309,5,12,17,35.0,0.65,3.88,42.39,45.63,6.15,0.97,0.32,0.0
9000006244,2024-01-29 10:00,0.999444,0,1,1,3,3,6,138,138,276,2,4,6,37.0,1.45,6.16,30.07,50.72,10.51,1.09,0.0,0.0
9000006244,2024-01-29 11:00,0.999444,1,3,4,1,7,8,89,171,260,8,11,19,37.0,1.54,8.85,30.77,46.15,11.54,1.15,0.0,0.0
9000006244,2024-01-29 12:00,0.999167,3,6,9,0,7,7,142,161,303,2,18,20,37.0,0.0,2.64,26.73,58.75,11.22,0.66,0.0,0.0
9000006244,2024-01-29 13:00,0.999444,2,4,6,3,10,13,106,175,281,0,5,5,38.0,0.71,6.76,26.69,49.82,14.59,1.07,0.36,0.0
9000006244,2024-01-29 14:00,0.999722,3,7,10,2,14,16,219,196,415,13,11,24,37.0,0.48,5.06,32.53,48.92,11.81,0.96,0.24,0.0
9000006244,2024-01-29 15:00,0.999167,11,0,11,5,9,14,261,207,468,5,12,17,34.5,2.14,6.2,45.73,40.6,4.49,0.85,0.0,0.0
9000006244,2024-01-29 16:00,0.999444,10,0,10,5,11,16,261,236,497,2,2,4,33.5,1.01,8.45,54.53,30.58,4.83,0.6,0.0,0.0
9000006244,2024-01-30 07:00,0.5,2,0,2,0,4,4,210,236,446,0,0,0,32.5,10.76,10.31,47.09,26.91,4.93,0.0,0.0,0.0
9000006244,2024-01-30 08:00,0.999444,9,5,14,1,7,8,147,190,337,3,5,8,35.5,0.0,5.64,40.65,44.51,8.9,0.3,0.0,0.0
9000006244,2024-01-30 09:00,0.999167,9,1,10,3,8,11,161,163,324,0,7,7,37.0,0.31,3.7,33.64,49.07,12.35,0.93,0.0,0.0
9000006244,2024-01-30 10:00,0.999444,8,4,12,3,3,6,188,168,356,1,7,8,36.5,0.0,4.21,32.3,52.81,9.55,1.12,0.0,0.0
9000006244,2024-01-30 11:00,1.0,4,4,8,0,2,2,165,156,321,1,17,18,37.0,0.0,3.12,31.15,52.34,13.08,0.31,0.0,0.0
9000006244,2024-01-30 12:00,0.999167,5,6,11,0,5,5,181,158,339,4,7,11,37.5,0.29,4.72,29.2,51.62,12.98,1.18,0.0,0.0
9000006244,2024-01-30 13:00,0.998889,2,8,10,1,6,7,154,171,325,2,14,16,37.0,1.23,4.0,31.38,49.85,10.77,2.46,0.31,0.0
9000006244,2024-01-30 14:00,0.999722,4,9,13,3,6,9,233,205,438,11,14,25,36.0,0.0,4.11,35.84,50.91,7.99,1.14,0.0,0.0
9000006244,2024-01-30 15:00,0.999722,20,2,22,3,11,14,274,216,490,2,12,14,36.5,0.61,8.98,38.16,41.02,10.41,0.61,0.0,0.2
9000006244,2024-01-30 16:00,0.749722,1,1,3,1,5,7,261,227,488,3,4,7,35.5,1.09,10.66,41.26,39.34,7.38,0.27,0.0,0.0
9000006244,2024-01-31 07:00,0.499722,0,0,0,0,2,2,176,270,446,2,2,4,30.0,6.73,15.7,56.95,17.49,2.69,0.45,0.0,0.0
9000006244,2024-01-31 08:00,0.999444,5,4,9,2,4,6,165,195,360,0,1,1,36.0,1.11,9.72,38.61,39.17,9.44,1.94,0.0,0.0
9000006244,2024-01-31 09:00,0.999444,3,0,3,1,4,5,169,176,345,2,6,8,35.0,1.74,6.67,37.97,46.96,5.8,0.58,0.29,0.0
9000006244,2024-01-31 10:00,0.999722,9,1,10,4,2,6,154,157,311,2,8,10,36.5,0.96,8.04,33.44,45.98,10.61,0.96,0.0,0.0
9000006244,2024-01-31 11:00,0.999444,8,2,10,2,4,6,168,147,315,4,14,18,36.5,0.95,6.98,35.24,46.35,9.84,0.63,0.0,0.0
9000006244,2024-01-31 12:00,0.999167,3,5,8,0,4,4,179,158,337,6,11,17,36.5,0.0,8.31,33.53,47.77,10.39,0.0,0.0,0.0
9000006244,2024-01-31 13:00,0.999444,5,0,5,4,9,13,196,155,351,1,7,8,36.5,0.57,5.41,32.48,52.14,7.41,1.42,0.28,0.28
9000006244,2024-01-31 14:00,0.999722,6,2,8,0,9,9,207,191,398,2,8,10,36.0,1.26,5.53,35.93,47.24,9.55,0.25,0.25,0.0
9000006244,2024-01-31 15:00,1.0,7,5,12,3,7,10,243,200,443,4,10,14,36.0,1.35,7.9,32.05,49.21,8.13,1.35,0.0,0.0
9000006244,2024-01-31 16:00,0.749444,16,8,24,4,9,13,236,240,476,1,9,11,35.5,2.8,12.89,38.94,35.85,8.96,0.56,0.0,0.0
9000006244,2024-02-01 07:00,0.249722,0,0,0,0,4,4,168,264,432,0,0,0,28.0,3.7,11.11,68.52,13.89,1.85,0.93,0.0,0.0
9000006244,2024-02-01 08:00,0.999167,5,10,15,1,7,8,207,171,378,1,4,5,34.0,0.79,8.73,48.68,36.51,5.29,0.0,0.0,0.0
9000006244,2024-02-01 09:00,0.999444,6,3,9,4,5,9,172,180,352,2,13,15,35.5,0.85,6.25,39.49,44.6,8.52,0.28,0.0,0.0
9000006244,2024-02-01 10:00,0.999722,2,0,2,0,0,0,174,156,330,1,15,16,36.5,0.91,4.24,33.03,50.3,10.3,1.21,0.0,0.0
9000006244,2024-02-01 11:00,0.999167,3,1,4,0,5,5,101,161,262,1,14,15,36.5,1.91,10.69,32.06,45.8,8.02,1.15,0.38,0.0
9000006244,2024-02-01 12:00,0.999167,9,8,17,0,10,10,172,161,333,4,15,19,37.5,1.2,4.5,27.33,51.95,14.11,0.6,0.3,0.0
9000006244,2024-02-01 13:00,0.999444,0,2,2,4,6,10,76,183,259,2,12,14,37.5,0.39,8.11,38.22,39.0,13.13,1.16,0.0,0.0
9000006244,2024-02-01 14:00,0.999444,5,10,15,4,11,15,195,202,397,7,15,22,35.5,2.77,9.32,29.72,49.87,7.81,0.5,0.0,0.0
9000006244,2024-02-01 15:00,0.999167,7,4,11,5,7,12,291,226,517,8,15,23,36.0,0.77,7.54,31.91,51.06,8.12,0.39,0.19,0.0
9000006244,2024-02-01 16:00,0.999444,2,2,4,5,4,9,264,272,536,4,2,6,35.0,1.68,12.13,40.86,38.25,6.53,0.56,0.0,0.0
9000006244,2024-02-02 07:00,0.5,4,0,4,0,0,0,142,240,382,0,0,0,31.0,7.85,15.18,49.21,23.56,3.14,1.05,0.0,0.0
9000006244,2024-02-02 08:00,0.999444,5,7,12,5,9,14,183,184,367,0,4,4,36.0,0.27,8.99,38.96,41.14,9.54,0.54,0.27,0.27
9000006244,2024-02-02 09:00,0.999722,8,5,13,3,6,9,173,148,321,0,11,11,36.5,1.25,5.61,36.76,45.17,9.97,1.25,0.0,0.0
9000006244,2024-02-02 10:00,0.999167,1,3,4,1,9,10,190,167,357,7,9,16,35.0,0.84,7.56,37.54,44.54,7.84,1.68,0.0,0.0
9000006244,2024-02-02 11:00,0.999444,15,3,18,2,4,6,225,187,412,2,7,9,37.0,0.97,6.55,31.8,47.57,11.41,1.7,0.0,0.0
9000006244,2024-02-02 12:00,0.999722,8,4,12,0,4,4,222,223,445,1,10,11,36.5,1.12,4.27,30.34,55.28,8.31,0.67,0.0,0.0
9000006244,2024-02-02 13:00,1.0,5,6,11,3,13,16,252,196,448,4,7,11,36.0,0.67,3.57,34.6,52.9,7.81,0.45,0.0,0.0
9000006244,2024-02-02 14:00,0.998889,3,7,10,3,5,8,266,215,481,6,6,12,35.5,1.25,6.46,37.29,46.25,8.12,0.83,0.0,0.0
9000006244,2024-02-02 15:00,0.999722,2,6,8,2,15,17,257,236,493,0,1,1,35.5,1.83,9.33,35.9,45.44,5.68,1.83,0.0,0.0
9000006244,2024-02-02 16:00,0.749167,1,3,4,0,5,5,195,187,381,1,0,1,35.5,2.1,11.19,37.06,40.56,8.39,0.7,0.0,0.0
9000006244,2024-02-03 07:00,0.499444,0,0,0,0,0,0,56,56,112,2,0,2,28.0,25.0,16.07,42.86,14.29,1.79,0.0,0.0,0.0
9000006244,2024-02-03 08:00,0.999444,5,3,8,0,5,5,63,83,146,1,2,3,36.0,0.68,4.11,50.68,34.25,9.59,0.68,0.0,0.0
9000006244,2024-02-03 09:00,0.999722,9,4,13,3,3,6,139,104,243,2,1,3,36.5,0.0,10.7,36.21,41.56,10.29,1.23,0.0,0.0
9000006244,2024-02-03 10:00,0.999722,3,6,9,0,4,4,196,149,345,2,3,5,35.5,0.58,9.28,35.94,46.09,8.12,0.0,0.0,0.0
9000006244,2024-02-03 11:00,0.999722,6,3,9,0,3,3,212,185,397,1,5,6,36.0,0.25,7.81,36.02,47.61,7.3,0.76,0.25,0.0
9000006244,2024-02-03 12:00,0.999167,3,7,10,5,4,9,214,197,411,2,4,6,35.5,0.97,8.27,27.98,55.47,7.3,0.0,0.0,0.0
9000006244,2024-02-03 13:00,0.999722,5,2,7,2,6,8,233,223,456,1,1,2,36.0,1.54,7.02,33.77,48.46,7.89,1.32,0.0,0.0
9000006244,2024-02-03 14:00,0.999444,7,3,10,4,1,5,222,216,438,3,6,9,35.0,0.46,8.45,40.64,43.61,6.16,0.68,0.0,0.0
9000006244,2024-02-03 15:00,0.999167,0,1,1,1,4,5,210,189,399,2,3,5,35.5,0.75,13.78,37.84,40.6,6.27,0.75,0.0,0.0
9000006244,2024-02-03 16:00,0.999444,4,3,7,3,3,6,163,173,336,0,1,1,33.5,0.6,9.82,51.79,32.44,4.76,0.6,0.0,0.0
9000006244,2024-02-04 07:00,0.748889,0,3,3,0,1,1,20,24,44,0,0,0,34.5,0.0,15.15,48.48,30.3,6.06,0.0,0.0,0.0
9000006244,2024-02-04 08:00,1.0,2,3,5,1,2,3,48,41,89,0,1,1,36.5,1.12,4.49,26.97,56.18,11.24,0.0,0.0,0.0
9000006244,2024-02-04 09:00,0.999444,7,0,7,5,9,14,76,79,155,0,4,4,37.5,0.0,4.52,30.32,50.97,12.9,1.29,0.0,0.0
9000006244,2024-02-04 10:00,0.999444,10,2,12,0,13,13,111,122,233,0,5,5,38.0,0.0,2.58,30.04,51.5,13.3,1.72,0.86,0.0
9000006244,2024-02-04 11:00,0.999444,12,7,19,6,7,13,139,134,273,2,6,8,38.0,0.37,4.03,21.61,57.88,15.75,0.37,0.0,0.0
9000006244,2024-02-04 12:00,0.999167,8,4,12,2,6,8,163,119,282,3,3,6,37.0,0.35,3.9,26.24,56.74,12.06,0.71,0.0,0.0
9000006244,2024-02-04 13:00,0.999722,5,4,9,0,5,5,162,139,301,1,0,1,37.0,0.33,5.65,26.25,54.15,11.63,1.66,0.33,0.0
9000006244,2024-02-04 14:00,0.999167,8,3,11,6,4,10,197,164,361,1,4,5,37.0,0.28,5.26,25.21,56.79,10.8,1.39,0.28,0.0
9000006244,2024-02-04 15:00,0.999444,10,14,24,2,19,21,151,139,290,3,5,8,36.0,0.0,7.59,33.1,49.31,8.97,1.03,0.0,0.0
9000006244,2024-02-04 16:00,0.749444,7,0,7,1,4,5,121,123,244,3,5,8,35.0,0.0,10.93,42.08,38.8,6.56,1.64,0.0,0.0
9000006244,2024-02-05 07:00,0.126111,0,0,0,0,0,0,88,129,217,0,0,0,30.5,0.0,7.41,70.37,22.22,3.7,0.0,0.0,0.0
9000006244,2024-02-05 08:00,0.006944,0,0,0,0,0,0,144,0,144,0,0,0,16.5,0.0,100.0,0.0,0.0,0.0,0.0,0.0,0.0
9000006244,2024-02-05 10:00,0.608333,4,5,9,1,1,3,163,134,297,1,0,1,34.5,0.55,15.47,37.57,41.99,3.87,0.55,0.0,0.0
9000006244,2024-02-05 11:00,0.999722,5,1,6,1,2,3,154,139,293,4,16,20,34.5,0.68,10.58,43.0,38.57,6.14,1.02,0.0,0.0
9000006244,2024-02-05 12:00,0.999167,5,1,6,0,2,2,168,158,326,7,18,25,34.5,1.23,10.74,39.26,44.79,3.68,0.31,0.0,0.0
9000006244,2024-02-05 13:00,0.999167,0,2,2,0,3,3,157,158,315,1,10,11,35.5,0.32,9.21,36.83,44.76,7.62,1.27,0.0,0.0
9000006244,2024-02-05 14:00,0.999722,8,2,10,2,2,4,177,180,357,2,22,24,34.5,0.56,6.44,36.41,51.54,4.76,0.28,0.0,0.0
9000006244,2024-02-05 15:00,0.999167,2,3,5,0,3,3,230,185,415,8,31,39,36.0,0.48,8.92,29.16,53.25,7.71,0.48,0.0,0.0
9000006244,2024-02-05 16:00,0.75,5,0,5,4,0,4,233,207,440,1,7,8,35.0,1.21,10.61,31.52,50.3,6.06,0.0,0.0,0.3
